site	name	strategy	browser	category	reason	path
36kr	hot	cookie	true	page_navigation_dom	navigate_without_fetch	adapters/36kr/hot.yaml
36kr	news	public	true	page_navigation_dom	navigate_without_fetch	adapters/36kr/news.yaml
amazon	search	cookie	true	page_navigation_dom	navigate_without_fetch	adapters/amazon/search.yaml
antigravity	dump	ui	true	ui_automation	strategy=ui	adapters/antigravity/dump.yaml
antigravity	extract-code	ui	true	ui_automation	strategy=ui	adapters/antigravity/extract-code.yaml
antigravity	model	ui	true	ui_automation	strategy=ui	adapters/antigravity/model.yaml
antigravity	new	ui	true	ui_automation	strategy=ui	adapters/antigravity/new.yaml
antigravity	read	ui	true	ui_automation	strategy=ui	adapters/antigravity/read.yaml
antigravity	send	ui	true	ui_automation	strategy=ui	adapters/antigravity/send.yaml
antigravity	serve	ui	true	ui_automation	strategy=ui	adapters/antigravity/serve.yaml
antigravity	status	ui	true	ui_automation	strategy=ui	adapters/antigravity/status.yaml
antigravity	watch	ui	true	ui_automation	strategy=ui	adapters/antigravity/watch.yaml
apple-podcasts	episodes	public	false	api_direct_fetch	fetch_without_navigate	adapters/apple-podcasts/episodes.yaml
apple-podcasts	search	public	false	api_direct_fetch	fetch_without_navigate	adapters/apple-podcasts/search.yaml
apple-podcasts	top	public	false	api_direct_fetch	fetch_without_navigate	adapters/apple-podcasts/top.yaml
arxiv	paper	public	false	api_direct_fetch	fetch_without_navigate	adapters/arxiv/paper.yaml
arxiv	search	public	false	api_direct_fetch	fetch_without_navigate	adapters/arxiv/search.yaml
band	bands	cookie	true	page_navigation_dom	navigate_without_fetch	adapters/band/bands.yaml
band	posts	cookie	true	page_navigation_dom	navigate_without_fetch	adapters/band/posts.yaml
barchart	flow	cookie	true	api_page_fetch	navigate+fetch	adapters/barchart/flow.yaml
barchart	greeks	cookie	true	api_page_fetch	navigate+fetch	adapters/barchart/greeks.yaml
barchart	options	cookie	true	api_page_fetch	navigate+fetch	adapters/barchart/options.yaml
barchart	quote	cookie	true	api_page_fetch	navigate+fetch	adapters/barchart/quote.yaml
bbc	news	public	false	api_direct_fetch	fetch_without_navigate	adapters/bbc/news.yaml
bilibili	download	cookie	false	page_navigation_dom	navigate_without_fetch	adapters/bilibili/download.yaml
bilibili	dynamic	cookie	false	api_page_fetch	navigate+fetch	adapters/bilibili/dynamic.yaml
bilibili	favorite	cookie	false	api_page_fetch	navigate+fetch	adapters/bilibili/favorite.yaml
bilibili	feed	cookie	false	api_page_fetch	navigate+fetch	adapters/bilibili/feed.yaml
bilibili	following	cookie	false	api_page_fetch	navigate+fetch	adapters/bilibili/following.yaml
bilibili	history	cookie	false	api_page_fetch	navigate+fetch	adapters/bilibili/history.yaml
bilibili	hot	cookie	false	api_direct_fetch	fetch_without_navigate	adapters/bilibili/hot.yaml
bilibili	me	cookie	false	api_page_fetch	navigate+fetch	adapters/bilibili/me.yaml
bilibili	ranking	cookie	false	api_page_fetch	navigate+fetch	adapters/bilibili/ranking.yaml
bilibili	search	cookie	false	api_page_fetch	navigate+fetch	adapters/bilibili/search.yaml
bilibili	subtitle	cookie	false	api_page_fetch	navigate+fetch	adapters/bilibili/subtitle.yaml
bilibili	user-videos	cookie	false	api_page_fetch	navigate+fetch	adapters/bilibili/user-videos.yaml
bloomberg	businessweek	public	false	api_direct_fetch	fetch_without_navigate	adapters/bloomberg/businessweek.yaml
bloomberg	economics	public	false	api_direct_fetch	fetch_without_navigate	adapters/bloomberg/economics.yaml
bloomberg	feeds	public	false	other_pipeline	no_fetch_no_navigate	adapters/bloomberg/feeds.yaml
bloomberg	industries	public	false	api_direct_fetch	fetch_without_navigate	adapters/bloomberg/industries.yaml
bloomberg	main	public	false	api_direct_fetch	fetch_without_navigate	adapters/bloomberg/main.yaml
bloomberg	markets	public	false	api_direct_fetch	fetch_without_navigate	adapters/bloomberg/markets.yaml
bloomberg	news	cookie	true	api_direct_fetch	fetch_without_navigate	adapters/bloomberg/news.yaml
bloomberg	opinions	public	false	api_direct_fetch	fetch_without_navigate	adapters/bloomberg/opinions.yaml
bloomberg	politics	public	false	api_direct_fetch	fetch_without_navigate	adapters/bloomberg/politics.yaml
bloomberg	tech	public	false	api_direct_fetch	fetch_without_navigate	adapters/bloomberg/tech.yaml
bluesky	feeds	public	false	other_pipeline	no_fetch_no_navigate	adapters/bluesky/feeds.yaml
bluesky	followers	public	false	other_pipeline	no_fetch_no_navigate	adapters/bluesky/followers.yaml
bluesky	following	public	false	other_pipeline	no_fetch_no_navigate	adapters/bluesky/following.yaml
bluesky	profile	public	false	other_pipeline	no_fetch_no_navigate	adapters/bluesky/profile.yaml
bluesky	search	public	false	other_pipeline	no_fetch_no_navigate	adapters/bluesky/search.yaml
bluesky	starter-packs	public	false	other_pipeline	no_fetch_no_navigate	adapters/bluesky/starter-packs.yaml
bluesky	thread	public	false	other_pipeline	no_fetch_no_navigate	adapters/bluesky/thread.yaml
bluesky	trending	public	false	other_pipeline	no_fetch_no_navigate	adapters/bluesky/trending.yaml
bluesky	user	public	false	other_pipeline	no_fetch_no_navigate	adapters/bluesky/user.yaml
boss	batchgreet	cookie	true	page_navigation_dom	navigate_without_fetch	adapters/boss/batchgreet.yaml
boss	chatlist	cookie	true	page_navigation_dom	navigate_without_fetch	adapters/boss/chatlist.yaml
boss	chatmsg	cookie	true	page_navigation_dom	navigate_without_fetch	adapters/boss/chatmsg.yaml
boss	detail	cookie	true	page_navigation_dom	navigate_without_fetch	adapters/boss/detail.yaml
boss	exchange	cookie	true	page_navigation_dom	navigate_without_fetch	adapters/boss/exchange.yaml
boss	greet	cookie	true	page_navigation_dom	navigate_without_fetch	adapters/boss/greet.yaml
boss	invite	cookie	true	page_navigation_dom	navigate_without_fetch	adapters/boss/invite.yaml
boss	joblist	cookie	true	page_navigation_dom	navigate_without_fetch	adapters/boss/joblist.yaml
boss	mark	cookie	true	page_navigation_dom	navigate_without_fetch	adapters/boss/mark.yaml
boss	recommend	cookie	true	page_navigation_dom	navigate_without_fetch	adapters/boss/recommend.yaml
boss	resume	cookie	true	page_navigation_dom	navigate_without_fetch	adapters/boss/resume.yaml
boss	search	cookie	true	page_navigation_dom	navigate_without_fetch	adapters/boss/search.yaml
boss	send	cookie	true	page_navigation_dom	navigate_without_fetch	adapters/boss/send.yaml
boss	stats	cookie	true	page_navigation_dom	navigate_without_fetch	adapters/boss/stats.yaml
chaoxing	assignments	cookie	true	page_navigation_dom	navigate_without_fetch	adapters/chaoxing/assignments.yaml
chaoxing	exams	cookie	true	page_navigation_dom	navigate_without_fetch	adapters/chaoxing/exams.yaml
chatgpt	ask	public	false	other_pipeline	no_fetch_no_navigate	adapters/chatgpt/ask.yaml
chatgpt	ax	public	false	other_pipeline	no_fetch_no_navigate	adapters/chatgpt/ax.yaml
chatgpt	new	public	false	other_pipeline	no_fetch_no_navigate	adapters/chatgpt/new.yaml
chatgpt	read	public	false	other_pipeline	no_fetch_no_navigate	adapters/chatgpt/read.yaml
chatgpt	send	public	false	other_pipeline	no_fetch_no_navigate	adapters/chatgpt/send.yaml
chatgpt	status	public	false	other_pipeline	no_fetch_no_navigate	adapters/chatgpt/status.yaml
chatwise	ask	ui	true	ui_automation	strategy=ui	adapters/chatwise/ask.yaml
chatwise	export	ui	true	ui_automation	strategy=ui	adapters/chatwise/export.yaml
chatwise	history	ui	true	ui_automation	strategy=ui	adapters/chatwise/history.yaml
chatwise	model	ui	true	ui_automation	strategy=ui	adapters/chatwise/model.yaml
chatwise	new	ui	true	ui_automation	strategy=ui	adapters/chatwise/new.yaml
chatwise	read	ui	true	ui_automation	strategy=ui	adapters/chatwise/read.yaml
chatwise	screenshot	ui	true	ui_automation	strategy=ui	adapters/chatwise/screenshot.yaml
chatwise	send	ui	true	ui_automation	strategy=ui	adapters/chatwise/send.yaml
chatwise	status	ui	true	ui_automation	strategy=ui	adapters/chatwise/status.yaml
codex	ask	ui	true	ui_automation	strategy=ui	adapters/codex/ask.yaml
codex	dump	ui	true	ui_automation	strategy=ui	adapters/codex/dump.yaml
codex	export	ui	true	ui_automation	strategy=ui	adapters/codex/export.yaml
codex	extract-diff	ui	true	ui_automation	strategy=ui	adapters/codex/extract-diff.yaml
codex	history	ui	true	ui_automation	strategy=ui	adapters/codex/history.yaml
codex	model	ui	true	ui_automation	strategy=ui	adapters/codex/model.yaml
codex	new	ui	true	ui_automation	strategy=ui	adapters/codex/new.yaml
codex	read	ui	true	ui_automation	strategy=ui	adapters/codex/read.yaml
codex	screenshot	ui	true	ui_automation	strategy=ui	adapters/codex/screenshot.yaml
codex	send	ui	true	ui_automation	strategy=ui	adapters/codex/send.yaml
codex	status	ui	true	ui_automation	strategy=ui	adapters/codex/status.yaml
coupang	add-to-cart	cookie	true	page_navigation_dom	navigate_without_fetch	adapters/coupang/add-to-cart.yaml
coupang	search	cookie	true	page_navigation_dom	navigate_without_fetch	adapters/coupang/search.yaml
ctrip	search	cookie	true	api_page_fetch	navigate+fetch	adapters/ctrip/search.yaml
cursor	ask	ui	true	ui_automation	strategy=ui	adapters/cursor/ask.yaml
cursor	composer	ui	true	ui_automation	strategy=ui	adapters/cursor/composer.yaml
cursor	dump	ui	true	ui_automation	strategy=ui	adapters/cursor/dump.yaml
cursor	export	ui	true	ui_automation	strategy=ui	adapters/cursor/export.yaml
cursor	extract-code	ui	true	ui_automation	strategy=ui	adapters/cursor/extract-code.yaml
cursor	history	ui	true	ui_automation	strategy=ui	adapters/cursor/history.yaml
cursor	model	ui	true	ui_automation	strategy=ui	adapters/cursor/model.yaml
cursor	new	ui	true	ui_automation	strategy=ui	adapters/cursor/new.yaml
cursor	read	ui	true	ui_automation	strategy=ui	adapters/cursor/read.yaml
cursor	screenshot	ui	true	ui_automation	strategy=ui	adapters/cursor/screenshot.yaml
cursor	send	ui	true	ui_automation	strategy=ui	adapters/cursor/send.yaml
cursor	status	ui	true	ui_automation	strategy=ui	adapters/cursor/status.yaml
devto	tag	public	false	other_pipeline	no_fetch_no_navigate	adapters/devto/tag.yaml
devto	top	public	false	other_pipeline	no_fetch_no_navigate	adapters/devto/top.yaml
devto	user	public	false	other_pipeline	no_fetch_no_navigate	adapters/devto/user.yaml
dictionary	examples	public	false	other_pipeline	no_fetch_no_navigate	adapters/dictionary/examples.yaml
dictionary	search	public	false	other_pipeline	no_fetch_no_navigate	adapters/dictionary/search.yaml
dictionary	synonyms	public	false	other_pipeline	no_fetch_no_navigate	adapters/dictionary/synonyms.yaml
discord-app	channels	ui	true	ui_automation	strategy=ui	adapters/discord-app/channels.yaml
discord-app	members	ui	true	ui_automation	strategy=ui	adapters/discord-app/members.yaml
discord-app	read	ui	true	ui_automation	strategy=ui	adapters/discord-app/read.yaml
discord-app	search	ui	true	ui_automation	strategy=ui	adapters/discord-app/search.yaml
discord-app	send	ui	true	ui_automation	strategy=ui	adapters/discord-app/send.yaml
discord-app	servers	ui	true	ui_automation	strategy=ui	adapters/discord-app/servers.yaml
discord-app	status	ui	true	ui_automation	strategy=ui	adapters/discord-app/status.yaml
douban	book-hot	cookie	true	page_navigation_dom	navigate_without_fetch	adapters/douban/book-hot.yaml
douban	marks	cookie	true	api_page_fetch	navigate+fetch	adapters/douban/marks.yaml
douban	movie-hot	cookie	true	page_navigation_dom	navigate_without_fetch	adapters/douban/movie-hot.yaml
douban	reviews	cookie	true	api_page_fetch	navigate+fetch	adapters/douban/reviews.yaml
douban	search	cookie	true	other_pipeline	no_fetch_no_navigate	adapters/douban/search.yaml
douban	subject	cookie	true	page_navigation_dom	navigate_without_fetch	adapters/douban/subject.yaml
douban	top250	cookie	true	api_page_fetch	navigate+fetch	adapters/douban/top250.yaml
doubao-app	ask	ui	true	ui_automation	strategy=ui	adapters/doubao-app/ask.yaml
doubao-app	dump	ui	true	ui_automation	strategy=ui	adapters/doubao-app/dump.yaml
doubao-app	new	ui	true	ui_automation	strategy=ui	adapters/doubao-app/new.yaml
doubao-app	read	ui	true	ui_automation	strategy=ui	adapters/doubao-app/read.yaml
doubao-app	screenshot	ui	true	ui_automation	strategy=ui	adapters/doubao-app/screenshot.yaml
doubao-app	send	ui	true	ui_automation	strategy=ui	adapters/doubao-app/send.yaml
doubao-app	status	ui	true	ui_automation	strategy=ui	adapters/doubao-app/status.yaml
doubao	ask	cookie	true	page_navigation_dom	navigate_without_fetch	adapters/doubao/ask.yaml
doubao	new	cookie	true	page_navigation_dom	navigate_without_fetch	adapters/doubao/new.yaml
doubao	read	cookie	true	page_navigation_dom	navigate_without_fetch	adapters/doubao/read.yaml
doubao	send	cookie	true	page_navigation_dom	navigate_without_fetch	adapters/doubao/send.yaml
doubao	status	cookie	true	page_navigation_dom	navigate_without_fetch	adapters/doubao/status.yaml
douyin	profile	cookie	true	api_page_fetch	navigate+fetch	adapters/douyin/profile.yaml
douyin	videos	cookie	true	api_page_fetch	navigate+fetch	adapters/douyin/videos.yaml
facebook	add-friend	unspecified	false	page_navigation_dom	navigate_without_fetch	adapters/facebook/add-friend.yaml
facebook	events	unspecified	false	page_navigation_dom	navigate_without_fetch	adapters/facebook/events.yaml
facebook	feed	unspecified	false	page_navigation_dom	navigate_without_fetch	adapters/facebook/feed.yaml
facebook	friends	unspecified	false	page_navigation_dom	navigate_without_fetch	adapters/facebook/friends.yaml
facebook	groups	unspecified	false	page_navigation_dom	navigate_without_fetch	adapters/facebook/groups.yaml
facebook	join-group	unspecified	false	page_navigation_dom	navigate_without_fetch	adapters/facebook/join-group.yaml
facebook	memories	unspecified	false	page_navigation_dom	navigate_without_fetch	adapters/facebook/memories.yaml
facebook	notifications	unspecified	false	page_navigation_dom	navigate_without_fetch	adapters/facebook/notifications.yaml
facebook	profile	unspecified	false	page_navigation_dom	navigate_without_fetch	adapters/facebook/profile.yaml
facebook	search	unspecified	false	page_navigation_dom	navigate_without_fetch	adapters/facebook/search.yaml
gemini	ask	cookie	true	page_navigation_dom	navigate_without_fetch	adapters/gemini/ask.yaml
gemini	canvas	cookie	true	page_navigation_dom	navigate_without_fetch	adapters/gemini/canvas.yaml
gemini	deep-research	cookie	true	page_navigation_dom	navigate_without_fetch	adapters/gemini/deep-research.yaml
gemini	for-you	cookie	true	page_navigation_dom	navigate_without_fetch	adapters/gemini/for-you.yaml
gemini	gems	cookie	true	page_navigation_dom	navigate_without_fetch	adapters/gemini/gems.yaml
gemini	history	cookie	true	page_navigation_dom	navigate_without_fetch	adapters/gemini/history.yaml
gemini	image	cookie	true	other_pipeline	no_fetch_no_navigate	adapters/gemini/image.yaml
gemini	music	cookie	true	page_navigation_dom	navigate_without_fetch	adapters/gemini/music.yaml
gemini	mystuff	cookie	true	page_navigation_dom	navigate_without_fetch	adapters/gemini/mystuff.yaml
gemini	status	cookie	true	page_navigation_dom	navigate_without_fetch	adapters/gemini/status.yaml
gemini	video	cookie	true	page_navigation_dom	navigate_without_fetch	adapters/gemini/video.yaml
gemini	write	cookie	true	page_navigation_dom	navigate_without_fetch	adapters/gemini/write.yaml
google	news	public	false	api_direct_fetch	fetch_without_navigate	adapters/google/news.yaml
google	search	public	true	page_navigation_dom	navigate_without_fetch	adapters/google/search.yaml
google	suggest	public	false	api_direct_fetch	fetch_without_navigate	adapters/google/suggest.yaml
google	trends	public	false	api_direct_fetch	fetch_without_navigate	adapters/google/trends.yaml
grok	ask	cookie	true	page_navigation_dom	navigate_without_fetch	adapters/grok/ask.yaml
hackernews	ask	public	false	other_pipeline	no_fetch_no_navigate	adapters/hackernews/ask.yaml
hackernews	best	public	false	other_pipeline	no_fetch_no_navigate	adapters/hackernews/best.yaml
hackernews	jobs	public	false	other_pipeline	no_fetch_no_navigate	adapters/hackernews/jobs.yaml
hackernews	new	public	false	other_pipeline	no_fetch_no_navigate	adapters/hackernews/new.yaml
hackernews	search	public	false	other_pipeline	no_fetch_no_navigate	adapters/hackernews/search.yaml
hackernews	show	public	false	other_pipeline	no_fetch_no_navigate	adapters/hackernews/show.yaml
hackernews	top	public	false	other_pipeline	no_fetch_no_navigate	adapters/hackernews/top.yaml
hackernews	user	public	false	other_pipeline	no_fetch_no_navigate	adapters/hackernews/user.yaml
hf	top	public	false	api_direct_fetch	fetch_without_navigate	adapters/hf/top.yaml
imdb	search	public	true	page_navigation_dom	navigate_without_fetch	adapters/imdb/search.yaml
imdb	top	public	true	page_navigation_dom	navigate_without_fetch	adapters/imdb/top.yaml
imdb	trending	public	true	page_navigation_dom	navigate_without_fetch	adapters/imdb/trending.yaml
instagram	comment	unspecified	false	api_write_or_mutation	fetch+mutation	adapters/instagram/comment.yaml
instagram	explore	unspecified	false	api_page_fetch	navigate+fetch	adapters/instagram/explore.yaml
instagram	follow	unspecified	false	api_write_or_mutation	fetch+mutation	adapters/instagram/follow.yaml
instagram	followers	unspecified	false	api_page_fetch	navigate+fetch	adapters/instagram/followers.yaml
instagram	following	unspecified	false	api_page_fetch	navigate+fetch	adapters/instagram/following.yaml
instagram	like	unspecified	false	api_write_or_mutation	fetch+mutation	adapters/instagram/like.yaml
instagram	profile	unspecified	false	api_page_fetch	navigate+fetch	adapters/instagram/profile.yaml
instagram	save	unspecified	false	api_write_or_mutation	fetch+mutation	adapters/instagram/save.yaml
instagram	saved	unspecified	false	api_page_fetch	navigate+fetch	adapters/instagram/saved.yaml
instagram	search	unspecified	false	api_page_fetch	navigate+fetch	adapters/instagram/search.yaml
instagram	unfollow	unspecified	false	api_write_or_mutation	fetch+mutation	adapters/instagram/unfollow.yaml
instagram	unlike	unspecified	false	api_write_or_mutation	fetch+mutation	adapters/instagram/unlike.yaml
instagram	unsave	unspecified	false	api_write_or_mutation	fetch+mutation	adapters/instagram/unsave.yaml
instagram	user	unspecified	false	api_page_fetch	navigate+fetch	adapters/instagram/user.yaml
jd	item	cookie	true	page_navigation_dom	navigate_without_fetch	adapters/jd/item.yaml
jike	comment	ui	true	ui_automation	strategy=ui	adapters/jike/comment.yaml
jike	create	ui	true	ui_automation	strategy=ui	adapters/jike/create.yaml
jike	feed	cookie	true	page_navigation_dom	navigate_without_fetch	adapters/jike/feed.yaml
jike	like	ui	true	ui_automation	strategy=ui	adapters/jike/like.yaml
jike	notifications	cookie	true	page_navigation_dom	navigate_without_fetch	adapters/jike/notifications.yaml
jike	post	unspecified	true	page_navigation_dom	navigate_without_fetch	adapters/jike/post.yaml
jike	repost	ui	true	ui_automation	strategy=ui	adapters/jike/repost.yaml
jike	search	cookie	true	page_navigation_dom	navigate_without_fetch	adapters/jike/search.yaml
jike	topic	unspecified	true	page_navigation_dom	navigate_without_fetch	adapters/jike/topic.yaml
jike	user	unspecified	true	page_navigation_dom	navigate_without_fetch	adapters/jike/user.yaml
jimeng	generate	cookie	true	page_navigation_dom	navigate_without_fetch	adapters/jimeng/generate.yaml
jimeng	history	cookie	true	api_page_fetch	navigate+fetch	adapters/jimeng/history.yaml
linkedin	search	header	true	api_page_fetch	navigate+fetch	adapters/linkedin/search.yaml
linux-do	categories	unspecified	true	api_page_fetch	navigate+fetch	adapters/linux-do/categories.yaml
linux-do	category	unspecified	true	api_page_fetch	navigate+fetch	adapters/linux-do/category.yaml
linux-do	hot	unspecified	true	api_page_fetch	navigate+fetch	adapters/linux-do/hot.yaml
linux-do	latest	unspecified	true	api_page_fetch	navigate+fetch	adapters/linux-do/latest.yaml
linux-do	search	unspecified	true	api_page_fetch	navigate+fetch	adapters/linux-do/search.yaml
linux-do	topic	unspecified	true	api_page_fetch	navigate+fetch	adapters/linux-do/topic.yaml
lobsters	active	public	false	other_pipeline	no_fetch_no_navigate	adapters/lobsters/active.yaml
lobsters	hot	public	false	other_pipeline	no_fetch_no_navigate	adapters/lobsters/hot.yaml
lobsters	newest	public	false	other_pipeline	no_fetch_no_navigate	adapters/lobsters/newest.yaml
lobsters	tag	public	false	other_pipeline	no_fetch_no_navigate	adapters/lobsters/tag.yaml
medium	feed	cookie	true	page_navigation_dom	navigate_without_fetch	adapters/medium/feed.yaml
medium	search	cookie	true	page_navigation_dom	navigate_without_fetch	adapters/medium/search.yaml
medium	user	cookie	true	other_pipeline	no_fetch_no_navigate	adapters/medium/user.yaml
notebooklm	list	cookie	true	page_navigation_dom	navigate_without_fetch	adapters/notebooklm/list.yaml
notion	export	ui	true	ui_automation	strategy=ui	adapters/notion/export.yaml
notion	favorites	ui	true	ui_automation	strategy=ui	adapters/notion/favorites.yaml
notion	new	ui	true	ui_automation	strategy=ui	adapters/notion/new.yaml
notion	read	ui	true	ui_automation	strategy=ui	adapters/notion/read.yaml
notion	search	ui	true	ui_automation	strategy=ui	adapters/notion/search.yaml
notion	sidebar	ui	true	ui_automation	strategy=ui	adapters/notion/sidebar.yaml
notion	status	ui	true	ui_automation	strategy=ui	adapters/notion/status.yaml
notion	write	ui	true	ui_automation	strategy=ui	adapters/notion/write.yaml
ones	tasks	cookie	true	api_page_fetch	navigate+fetch	adapters/ones/tasks.yaml
paperreview	review	public	false	other_pipeline	no_fetch_no_navigate	adapters/paperreview/review.yaml
pixiv	detail	cookie	true	api_page_fetch	navigate+fetch	adapters/pixiv/detail.yaml
pixiv	ranking	cookie	true	api_page_fetch	navigate+fetch	adapters/pixiv/ranking.yaml
pixiv	user	cookie	true	api_page_fetch	navigate+fetch	adapters/pixiv/user.yaml
producthunt	today	public	true	page_navigation_dom	navigate_without_fetch	adapters/producthunt/today.yaml
reddit	comment	cookie	true	api_write_or_mutation	fetch+mutation	adapters/reddit/comment.yaml
reddit	frontpage	cookie	true	api_page_fetch	navigate+fetch	adapters/reddit/frontpage.yaml
reddit	hot	unspecified	false	api_page_fetch	navigate+fetch	adapters/reddit/hot.yaml
reddit	popular	cookie	true	api_page_fetch	navigate+fetch	adapters/reddit/popular.yaml
reddit	read	cookie	true	api_page_fetch	navigate+fetch	adapters/reddit/read.yaml
reddit	save	cookie	true	api_write_or_mutation	fetch+mutation	adapters/reddit/save.yaml
reddit	saved	cookie	true	api_page_fetch	navigate+fetch	adapters/reddit/saved.yaml
reddit	search	cookie	true	api_page_fetch	navigate+fetch	adapters/reddit/search.yaml
reddit	subreddit	cookie	true	api_page_fetch	navigate+fetch	adapters/reddit/subreddit.yaml
reddit	subscribe	cookie	true	api_write_or_mutation	fetch+mutation	adapters/reddit/subscribe.yaml
reddit	upvote	cookie	true	api_write_or_mutation	fetch+mutation	adapters/reddit/upvote.yaml
reddit	upvoted	cookie	true	api_page_fetch	navigate+fetch	adapters/reddit/upvoted.yaml
reddit	user-comments	cookie	true	api_page_fetch	navigate+fetch	adapters/reddit/user-comments.yaml
reddit	user-posts	cookie	true	api_page_fetch	navigate+fetch	adapters/reddit/user-posts.yaml
reddit	user	cookie	true	api_page_fetch	navigate+fetch	adapters/reddit/user.yaml
reuters	search	cookie	true	api_page_fetch	navigate+fetch	adapters/reuters/search.yaml
sinablog	article	cookie	true	other_pipeline	no_fetch_no_navigate	adapters/sinablog/article.yaml
sinablog	hot	cookie	true	api_page_fetch	navigate+fetch	adapters/sinablog/hot.yaml
sinablog	search	public	false	api_direct_fetch	fetch_without_navigate	adapters/sinablog/search.yaml
sinablog	user	cookie	true	other_pipeline	no_fetch_no_navigate	adapters/sinablog/user.yaml
sinafinance	news	public	false	api_direct_fetch	fetch_without_navigate	adapters/sinafinance/news.yaml
smzdm	search	cookie	true	page_navigation_dom	navigate_without_fetch	adapters/smzdm/search.yaml
spotify	search	public	false	other_pipeline	no_fetch_no_navigate	adapters/spotify/search.yaml
stackoverflow	bounties	public	false	other_pipeline	no_fetch_no_navigate	adapters/stackoverflow/bounties.yaml
stackoverflow	hot	public	false	other_pipeline	no_fetch_no_navigate	adapters/stackoverflow/hot.yaml
stackoverflow	search	public	false	other_pipeline	no_fetch_no_navigate	adapters/stackoverflow/search.yaml
stackoverflow	unanswered	public	false	other_pipeline	no_fetch_no_navigate	adapters/stackoverflow/unanswered.yaml
steam	top-sellers	public	false	other_pipeline	no_fetch_no_navigate	adapters/steam/top-sellers.yaml
substack	feed	cookie	true	other_pipeline	no_fetch_no_navigate	adapters/substack/feed.yaml
substack	publication	cookie	true	other_pipeline	no_fetch_no_navigate	adapters/substack/publication.yaml
substack	search	public	false	api_direct_fetch	fetch_without_navigate	adapters/substack/search.yaml
tieba	hot	public	true	page_navigation_dom	navigate_without_fetch	adapters/tieba/hot.yaml
tieba	search	cookie	true	page_navigation_dom	navigate_without_fetch	adapters/tieba/search.yaml
tiktok	comment	unspecified	false	page_navigation_dom	navigate_without_fetch	adapters/tiktok/comment.yaml
tiktok	explore	unspecified	false	page_navigation_dom	navigate_without_fetch	adapters/tiktok/explore.yaml
tiktok	follow	unspecified	false	page_navigation_dom	navigate_without_fetch	adapters/tiktok/follow.yaml
tiktok	following	unspecified	false	page_navigation_dom	navigate_without_fetch	adapters/tiktok/following.yaml
tiktok	friends	unspecified	false	page_navigation_dom	navigate_without_fetch	adapters/tiktok/friends.yaml
tiktok	like	unspecified	false	page_navigation_dom	navigate_without_fetch	adapters/tiktok/like.yaml
tiktok	live	unspecified	false	page_navigation_dom	navigate_without_fetch	adapters/tiktok/live.yaml
tiktok	notifications	unspecified	false	page_navigation_dom	navigate_without_fetch	adapters/tiktok/notifications.yaml
tiktok	profile	unspecified	false	api_page_fetch	navigate+fetch	adapters/tiktok/profile.yaml
tiktok	save	unspecified	false	page_navigation_dom	navigate_without_fetch	adapters/tiktok/save.yaml
tiktok	search	unspecified	false	api_page_fetch	navigate+fetch	adapters/tiktok/search.yaml
tiktok	unfollow	unspecified	false	page_navigation_dom	navigate_without_fetch	adapters/tiktok/unfollow.yaml
tiktok	unlike	unspecified	false	page_navigation_dom	navigate_without_fetch	adapters/tiktok/unlike.yaml
tiktok	unsave	unspecified	false	page_navigation_dom	navigate_without_fetch	adapters/tiktok/unsave.yaml
tiktok	user	unspecified	false	page_navigation_dom	navigate_without_fetch	adapters/tiktok/user.yaml
twitter	accept	cookie	true	page_navigation_dom	navigate_without_fetch	adapters/twitter/accept.yaml
twitter	article	cookie	true	api_page_fetch	navigate+fetch	adapters/twitter/article.yaml
twitter	block	cookie	true	page_navigation_dom	navigate_without_fetch	adapters/twitter/block.yaml
twitter	bookmark	cookie	true	page_navigation_dom	navigate_without_fetch	adapters/twitter/bookmark.yaml
twitter	bookmarks	cookie	true	api_page_fetch	navigate+fetch	adapters/twitter/bookmarks.yaml
twitter	delete	cookie	true	page_navigation_dom	navigate_without_fetch	adapters/twitter/delete.yaml
twitter	download	cookie	true	page_navigation_dom	navigate_without_fetch	adapters/twitter/download.yaml
twitter	follow	cookie	true	page_navigation_dom	navigate_without_fetch	adapters/twitter/follow.yaml
twitter	followers	intercept	true	page_navigation_dom	navigate_without_fetch	adapters/twitter/followers.yaml
twitter	following	intercept	true	page_navigation_dom	navigate_without_fetch	adapters/twitter/following.yaml
twitter	hide-reply	cookie	true	page_navigation_dom	navigate_without_fetch	adapters/twitter/hide-reply.yaml
twitter	like	cookie	true	page_navigation_dom	navigate_without_fetch	adapters/twitter/like.yaml
twitter	notifications	intercept	true	page_navigation_dom	navigate_without_fetch	adapters/twitter/notifications.yaml
twitter	post	cookie	true	page_navigation_dom	navigate_without_fetch	adapters/twitter/post.yaml
twitter	profile	cookie	true	api_page_fetch	navigate+fetch	adapters/twitter/profile.yaml
twitter	reply-dm	cookie	true	page_navigation_dom	navigate_without_fetch	adapters/twitter/reply-dm.yaml
twitter	reply	cookie	true	page_navigation_dom	navigate_without_fetch	adapters/twitter/reply.yaml
twitter	search	intercept	true	page_navigation_dom	navigate_without_fetch	adapters/twitter/search.yaml
twitter	thread	cookie	true	api_page_fetch	navigate+fetch	adapters/twitter/thread.yaml
twitter	timeline	cookie	true	api_page_fetch	navigate+fetch	adapters/twitter/timeline.yaml
twitter	trending	cookie	true	api_page_fetch	navigate+fetch	adapters/twitter/trending.yaml
twitter	unblock	cookie	true	page_navigation_dom	navigate_without_fetch	adapters/twitter/unblock.yaml
twitter	unbookmark	cookie	true	page_navigation_dom	navigate_without_fetch	adapters/twitter/unbookmark.yaml
twitter	unfollow	cookie	true	page_navigation_dom	navigate_without_fetch	adapters/twitter/unfollow.yaml
v2ex	daily	unspecified	true	api_page_fetch	navigate+fetch	adapters/v2ex/daily.yaml
v2ex	hot	public	false	other_pipeline	no_fetch_no_navigate	adapters/v2ex/hot.yaml
v2ex	latest	public	false	other_pipeline	no_fetch_no_navigate	adapters/v2ex/latest.yaml
v2ex	me	unspecified	true	page_navigation_dom	navigate_without_fetch	adapters/v2ex/me.yaml
v2ex	member	public	false	other_pipeline	no_fetch_no_navigate	adapters/v2ex/member.yaml
v2ex	node	public	false	other_pipeline	no_fetch_no_navigate	adapters/v2ex/node.yaml
v2ex	nodes	public	false	other_pipeline	no_fetch_no_navigate	adapters/v2ex/nodes.yaml
v2ex	notifications	unspecified	true	page_navigation_dom	navigate_without_fetch	adapters/v2ex/notifications.yaml
v2ex	replies	public	false	other_pipeline	no_fetch_no_navigate	adapters/v2ex/replies.yaml
v2ex	topic	public	false	other_pipeline	no_fetch_no_navigate	adapters/v2ex/topic.yaml
v2ex	user	public	false	other_pipeline	no_fetch_no_navigate	adapters/v2ex/user.yaml
web	read	cookie	true	page_navigation_dom	navigate_without_fetch	adapters/web/read.yaml
weibo	hot	unspecified	false	api_page_fetch	navigate+fetch	adapters/weibo/hot.yaml
weibo	search	unspecified	true	page_navigation_dom	navigate_without_fetch	adapters/weibo/search.yaml
weixin	download	cookie	true	page_navigation_dom	navigate_without_fetch	adapters/weixin/download.yaml
weread	book	cookie	true	page_navigation_dom	navigate_without_fetch	adapters/weread/book.yaml
weread	highlights	cookie	true	api_page_fetch	navigate+fetch	adapters/weread/highlights.yaml
weread	notebooks	cookie	true	api_page_fetch	navigate+fetch	adapters/weread/notebooks.yaml
weread	notes	cookie	true	api_page_fetch	navigate+fetch	adapters/weread/notes.yaml
weread	ranking	public	false	api_direct_fetch	fetch_without_navigate	adapters/weread/ranking.yaml
weread	search	public	false	api_direct_fetch	fetch_without_navigate	adapters/weread/search.yaml
weread	shelf	cookie	true	api_page_fetch	navigate+fetch	adapters/weread/shelf.yaml
wikipedia	random	public	false	api_direct_fetch	fetch_without_navigate	adapters/wikipedia/random.yaml
wikipedia	search	public	false	api_direct_fetch	fetch_without_navigate	adapters/wikipedia/search.yaml
wikipedia	summary	public	false	api_direct_fetch	fetch_without_navigate	adapters/wikipedia/summary.yaml
wikipedia	trending	public	false	api_direct_fetch	fetch_without_navigate	adapters/wikipedia/trending.yaml
xianyu	item	cookie	true	page_navigation_dom	navigate_without_fetch	adapters/xianyu/item.yaml
xianyu	search	cookie	true	page_navigation_dom	navigate_without_fetch	adapters/xianyu/search.yaml
xiaohongshu	creator-note-detail	cookie	true	api_page_fetch	navigate+fetch	adapters/xiaohongshu/creator-note-detail.yaml
xiaohongshu	creator-notes-summary	cookie	true	api_page_fetch	navigate+fetch	adapters/xiaohongshu/creator-notes-summary.yaml
xiaohongshu	creator-notes	cookie	true	api_page_fetch	navigate+fetch	adapters/xiaohongshu/creator-notes.yaml
xiaohongshu	creator-profile	cookie	true	api_page_fetch	navigate+fetch	adapters/xiaohongshu/creator-profile.yaml
xiaohongshu	creator-stats	cookie	true	api_page_fetch	navigate+fetch	adapters/xiaohongshu/creator-stats.yaml
xiaohongshu	download	cookie	true	page_navigation_dom	navigate_without_fetch	adapters/xiaohongshu/download.yaml
xiaohongshu	feed	intercept	true	page_navigation_dom	navigate_without_fetch	adapters/xiaohongshu/feed.yaml
xiaohongshu	notifications	intercept	true	page_navigation_dom	navigate_without_fetch	adapters/xiaohongshu/notifications.yaml
xiaohongshu	publish	cookie	true	page_navigation_dom	navigate_without_fetch	adapters/xiaohongshu/publish.yaml
xiaohongshu	search	cookie	true	page_navigation_dom	navigate_without_fetch	adapters/xiaohongshu/search.yaml
xiaohongshu	user	cookie	true	page_navigation_dom	navigate_without_fetch	adapters/xiaohongshu/user.yaml
xiaoyuzhou	episode	public	false	api_direct_fetch	fetch_without_navigate	adapters/xiaoyuzhou/episode.yaml
xiaoyuzhou	podcast-episodes	public	false	api_direct_fetch	fetch_without_navigate	adapters/xiaoyuzhou/podcast-episodes.yaml
xiaoyuzhou	podcast	public	false	api_direct_fetch	fetch_without_navigate	adapters/xiaoyuzhou/podcast.yaml
xueqiu	earnings-date	unspecified	true	api_page_fetch	navigate+fetch	adapters/xueqiu/earnings-date.yaml
xueqiu	feed	unspecified	true	api_page_fetch	navigate+fetch	adapters/xueqiu/feed.yaml
xueqiu	hot-stock	unspecified	true	api_page_fetch	navigate+fetch	adapters/xueqiu/hot-stock.yaml
xueqiu	hot	unspecified	true	api_page_fetch	navigate+fetch	adapters/xueqiu/hot.yaml
xueqiu	search	unspecified	true	api_page_fetch	navigate+fetch	adapters/xueqiu/search.yaml
xueqiu	stock	unspecified	true	api_page_fetch	navigate+fetch	adapters/xueqiu/stock.yaml
xueqiu	watchlist	unspecified	true	api_page_fetch	navigate+fetch	adapters/xueqiu/watchlist.yaml
yahoo-finance	quote	cookie	true	api_page_fetch	navigate+fetch	adapters/yahoo-finance/quote.yaml
yollomi	background	cookie	true	page_navigation_dom	navigate_without_fetch	adapters/yollomi/background.yaml
yollomi	edit	cookie	true	page_navigation_dom	navigate_without_fetch	adapters/yollomi/edit.yaml
yollomi	face-swap	cookie	true	page_navigation_dom	navigate_without_fetch	adapters/yollomi/face-swap.yaml
yollomi	generate	cookie	true	page_navigation_dom	navigate_without_fetch	adapters/yollomi/generate.yaml
yollomi	models	public	false	other_pipeline	no_fetch_no_navigate	adapters/yollomi/models.yaml
yollomi	object-remover	cookie	true	page_navigation_dom	navigate_without_fetch	adapters/yollomi/object-remover.yaml
yollomi	remove-bg	cookie	true	page_navigation_dom	navigate_without_fetch	adapters/yollomi/remove-bg.yaml
yollomi	restore	cookie	true	page_navigation_dom	navigate_without_fetch	adapters/yollomi/restore.yaml
yollomi	try-on	cookie	true	page_navigation_dom	navigate_without_fetch	adapters/yollomi/try-on.yaml
yollomi	upload	cookie	true	page_navigation_dom	navigate_without_fetch	adapters/yollomi/upload.yaml
yollomi	upscale	cookie	true	page_navigation_dom	navigate_without_fetch	adapters/yollomi/upscale.yaml
yollomi	video	cookie	true	page_navigation_dom	navigate_without_fetch	adapters/yollomi/video.yaml
youtube	search	cookie	true	api_page_fetch	navigate+fetch	adapters/youtube/search.yaml
youtube	transcript-group	cookie	true	api_page_fetch	navigate+fetch	adapters/youtube/transcript-group.yaml
youtube	transcript	cookie	true	api_page_fetch	navigate+fetch	adapters/youtube/transcript.yaml
youtube	video	cookie	true	page_navigation_dom	navigate_without_fetch	adapters/youtube/video.yaml
zhihu	collection_items_api	unspecified	true	api_bg_fetch	bg_fetch	adapters/zhihu/collection_items_api.yaml
zhihu	download	cookie	true	page_navigation_dom	navigate_without_fetch	adapters/zhihu/download.yaml
zhihu	feed_api	unspecified	false	api_page_fetch	navigate+fetch	adapters/zhihu/feed_api.yaml
zhihu	hot	unspecified	true	api_bg_fetch	bg_fetch	adapters/zhihu/hot.yaml
zhihu	question	cookie	true	page_navigation_dom	navigate_without_fetch	adapters/zhihu/question.yaml
zhihu	search	unspecified	false	api_bg_fetch	bg_fetch	adapters/zhihu/search.yaml
zsxq	search	cookie	true	api_page_fetch	navigate+fetch	adapters/zsxq/search.yaml
zsxq	topics	cookie	true	api_page_fetch	navigate+fetch	adapters/zsxq/topics.yaml
